{
  "assetsByChunkName": {
    "component---src-pages-index-js": [
      "component---src-pages-index-js-73cb0adb995d295828f1.js",
      "component---src-pages-index-js-73cb0adb995d295828f1.js.map"
    ],
    "path---": [
      "path----43dd20cc64264c833f55.js",
      "path----43dd20cc64264c833f55.js.map"
    ],
    "component---src-layouts-index-js": [
      "component---src-layouts-index-js-57c92949b077b543a20d.js",
      "component---src-layouts-index-js-57c92949b077b543a20d.js.map"
    ],
    "path---index": [
      "path---index-a0e39f21c11f6a62c5ab.js",
      "path---index-a0e39f21c11f6a62c5ab.js.map"
    ],
    "commons": [
      "commons-b3e7573ddf15dcaba3fe.js",
      "build-js-styles.css",
      "commons-b3e7573ddf15dcaba3fe.js.map",
      "build-js-styles.css.map"
    ],
    "app": [
      "app-6a0b877bd4454fa43a21.js",
      "build-js-styles.css",
      "app-6a0b877bd4454fa43a21.js.map",
      "build-js-styles.css.map"
    ]
  }
}