{"errors":[],"warnings":[],"namedChunkGroups":{"app":{"chunks":[4,0],"assets":["webpack-runtime-4cc6404da1e4d41b5c58.js","webpack-runtime-4cc6404da1e4d41b5c58.js.map","app-65ae175ced68b02b5231.js","app-65ae175ced68b02b5231.js.map"],"children":{},"childAssets":{}},"component---src-pages-index-js":{"chunks":[3,1],"assets":["3-1eb06373f9b8e6973b64.js","3-1eb06373f9b8e6973b64.js.map","component---src-pages-index-js.9109ef147277ee6c7f0f.css","component---src-pages-index-js-d049ce0df72cc5c6ef53.js","component---src-pages-index-js-d049ce0df72cc5c6ef53.js.map"],"children":{},"childAssets":{}}},"assetsByChunkName":{"app":["webpack-runtime-4cc6404da1e4d41b5c58.js","app-65ae175ced68b02b5231.js"],"component---src-pages-index-js":["3-1eb06373f9b8e6973b64.js","component---src-pages-index-js.9109ef147277ee6c7f0f.css","component---src-pages-index-js-d049ce0df72cc5c6ef53.js"]}}